<?xml version="1.0" encoding="utf-8" ?>
<dwsync>
<file name=".bowerrc" server="sv2122.xserver.jp//manabou.xsrv.jp/public_html/tool/" local="132308900093039589" remote="132304705800000000" Dst="0" />
<file name=".gitattributes" server="sv2122.xserver.jp//manabou.xsrv.jp/public_html/tool/" local="132308900093239052" remote="132304705800000000" Dst="0" />
<file name=".gitignore" server="sv2122.xserver.jp//manabou.xsrv.jp/public_html/tool/" local="132308900093827479" remote="132304705800000000" Dst="0" />
<file name="LICENSE" server="sv2122.xserver.jp//manabou.xsrv.jp/public_html/tool/" local="132308900094834787" remote="132304705800000000" Dst="0" />
<file name="bower.json" server="sv2122.xserver.jp//manabou.xsrv.jp/public_html/tool/" local="132308900095253670" remote="132304705800000000" Dst="0" />
<file name="gulpfile.js" server="sv2122.xserver.jp//manabou.xsrv.jp/public_html/tool/" local="132308900096300870" remote="132304705800000000" Dst="0" />
<file name="README.md" server="sv2122.xserver.jp//manabou.xsrv.jp/public_html/tool/" local="132308900097008975" remote="132304705800000000" Dst="0" />
<file name="package.json" server="sv2122.xserver.jp//manabou.xsrv.jp/public_html/tool/" local="132308900098495014" remote="132304705800000000" Dst="0" />
</dwsync>