<?xml version="1.0" encoding="utf-8" ?>
<dwsync>
<file name=".htaccess" server="sv2122.xserver.jp//manabou.xsrv.jp/public_html/tool/" local="132318592492717474" remote="132320985000000000" Dst="0" />
<file name="README.md" server="sv2122.xserver.jp//manabou.xsrv.jp/public_html/tool/" local="132308900080029150" remote="132306951600000000" Dst="0" />
<file name="config.php" server="sv2122.xserver.jp//manabou.xsrv.jp/public_html/tool/" local="132320933889205999" remote="132320933400000000" Dst="0" />
<file name="db.php" server="sv2122.xserver.jp//manabou.xsrv.jp/public_html/tool/" local="132315766660700470" remote="132315766200000000" Dst="0" />
<file name="footer.php" server="sv2122.xserver.jp//manabou.xsrv.jp/public_html/tool/" local="132322593485094450" remote="132322593000000000" Dst="0" />
<file name="head.php" server="sv2122.xserver.jp//manabou.xsrv.jp/public_html/tool/" local="132322684512533330" remote="132322684200000000" Dst="0" />
<file name="imp.php" server="sv2122.xserver.jp//manabou.xsrv.jp/public_html/tool/" local="132318234179345049" remote="132318234000000000" Dst="0" />
<file name="style.css" server="sv2122.xserver.jp//manabou.xsrv.jp/public_html/tool/" local="132322472299063708" remote="132322471800000000" Dst="0" />
<file name="index.php" server="sv2122.xserver.jp//manabou.xsrv.jp/public_html/tool/" local="132309991962523541" remote="132309991800000000" Dst="0" />
<file name="db_drop.php" server="sv2122.xserver.jp//manabou.xsrv.jp/public_html/tool/" local="132313446732766137" remote="132313446600000000" Dst="0" />
<file name="db_config.php" server="sv2122.xserver.jp//manabou.xsrv.jp/public_html/tool/" local="132310026124723193" remote="132310026000000000" Dst="0" />
<file name="pre_list.php" server="sv2122.xserver.jp//manabou.xsrv.jp/public_html/tool/" local="132322639790991195" remote="132322639200000000" Dst="0" />
<file name="db_dpp.php" server="sv2122.xserver.jp//manabou.xsrv.jp/public_html/tool/" local="132314319913562528" remote="132314319600000000" Dst="0" />
<file name="check.php" server="sv2122.xserver.jp//manabou.xsrv.jp/public_html/tool/" local="132322838765864240" remote="132322838400000000" Dst="0" />
<file name="ajax.php" server="sv2122.xserver.jp//manabou.xsrv.jp/public_html/tool/" local="132322089721670056" remote="132322089600000000" Dst="0" />
<file name="main.js" server="sv2122.xserver.jp//manabou.xsrv.jp/public_html/tool/" local="132319467062392031" remote="132319467000000000" Dst="0" />
<file name="black_list.php" server="sv2122.xserver.jp//manabou.xsrv.jp/public_html/tool/" local="132319933982674714" remote="132319933800000000" Dst="0" />
<file name="ajax2.php" server="sv2122.xserver.jp//manabou.xsrv.jp/public_html/tool/" local="132322089642216135" remote="132322089600000000" Dst="0" />
<file name="check2.php" server="sv2122.xserver.jp//manabou.xsrv.jp/public_html/tool/" local="132323348857944964" remote="132323348400000000" Dst="0" />
</dwsync>